{
  "parent": "root.json",
  "text": "balloon_buddy.txt",
  "title": "Все что тебе нужно - друзья",
  "entity_buttons": [
  ],
  "linked_page_buttons": [
  ],
  "images": [
  ],
  "item_renders": [
    {
      "item" : "cloudstorage:balloon_buddy",
      "x": 25,
      "y": 12,
      "page" : 0,
      "scale": 2.75
    },
    {
      "item" : "cloudstorage:balloon_buddy",
      "item_tag": "{3DRender:2,Personality:-1}",
      "x": 95,
      "y": 14,
      "page" : 3,
      "scale": 2.75
    }
  ],
  "recipes": [
    {
      "recipe": "cloudstorage:balloon_buddy",
      "shapeless": false,
      "x": 210,
      "y": 100,
      "page": 0,
      "scale": 1.2
    }
  ],
  "tabula_renders": [

  ],
  "entity_renders": [
    {
      "entity": "cloudstorage:badloon_hand",
      "x": 282,
      "y": 110,
      "page" : 3,
      "scale": 1.0,
      "rot_x": 35,
      "rot_y": 225,
      "rot_z": 0,
      "follow_cursor": false
    }
  ]
}

