{
  "parent": "root.json",
  "text": "balloon_salesman.txt",
  "title": "Смерть продовца",
  "entity_buttons": [
  ],
  "linked_page_buttons": [
  ],
  "images": [
  ],
  "item_renders": [
    {
      "item" : "cloudstorage:balloon_stand",
      "x": 25,
      "y": 25,
      "page" : 0,
      "scale": 2.75
    },
    {
      "item": "cloudstorage:balloon",
      "item_tag": "{3DRender:2}",
      "x": 37,
      "y": 17,
      "page": 0,
      "scale": 2.0
    }
  ],
  "recipes": [
    {
      "recipe": "cloudstorage:balloon_stand",
      "shapeless": false,
      "x": 210,
      "y": 59,
      "page": 0,
      "scale": 1.2
    }
  ],
  "tabula_renders": [

  ],
  "entity_renders": [
  ]
}

