{
  "parent": "root.json",
  "text": "mobs_and_materials.txt",
  "title": "Про мобов и материалы",
  "entity_buttons": [
  ],
  "linked_page_buttons": [
    {
      "linked_page": "badloon.json",
      "text": "Badloon",
      "x": 290,
      "y": 20,
      "page": 0
    },
    {
      "linked_page": "bloviator.json",
      "text": "Bloviator",
      "x": 290,
      "y": 70,
      "page": 0
    }
  ],
  "images": [
  ],
  "item_renders": [
  ],
  "recipes": [

  ],
  "tabula_renders": [

  ],
  "entity_renders": [
  ]
}

